"pitches","player_id","player_name","total_pitches","pitch_percent","ba","iso","babip","slg","woba","xwoba","xba","hits","abs","launch_speed","launch_angle","spin_rate","velocity","effective_speed","whiffs","swings","takes","eff_min_vel","release_extension","pos3_int_start_distance","pos4_int_start_distance","pos5_int_start_distance","pos6_int_start_distance","pos7_int_start_distance","pos8_int_start_distance","pos9_int_start_distance"
"1555",545333,"Bauer, Trevor","1587","98.0","0.169","0.172","0.208","0.341","0.257","0.278","0.189","56","331","89.3","19.6","2867","87.9","81.37","207","708","847","-6.5","6.42","113","159","117","150","298","318","292"
"1406",669456,"Bieber, Shane","1475","95.3","0.234","0.147","0.349","0.380","0.301","0.295","0.221","78","334","90.1","9.9","2466","87.6","87.47","254","677","729","-0.1","6.54","112","155","118","149","294","322","295"
"1359",554430,"Wheeler, Zack","1419","95.8","0.201","0.096","0.282","0.296","0.244","0.249","0.200","67","334","84.2","10.9","2374","94.2","94.70","197","704","655","0.5","7.13","111","152","116","149","297","324","293"
"1340",506433,"Darvish, Yu","1407","95.2","0.189","0.156","0.240","0.346","0.263","0.275","0.205","57","301","86.8","18.8","2714","86.6","86.41","172","631","709","-0.2","6.27","116","155","132","145","297","320","311"
"1336",621111,"Buehler, Walker","1348","99.1","0.197","0.134","0.233","0.331","0.252","0.293","0.233","63","320","86.4","11.6","2730","91.3","91.54","173","668","668","0.2","6.43","113","157","118","151","299","320","295"
"1327",601713,"Pivetta, Nick","1344","98.7","0.226","0.179","0.293","0.405","0.314","0.314","0.225","62","274","89.1","15.5","2403","89.1","89.19","156","633","694","0.1","6.50","111","155","118","148","288","325","299"
"1312",477132,"Kershaw, Clayton","1313","99.9","0.222","0.135","0.294","0.356","0.268","0.279","0.226","74","334","86.8","9.8","2605","86.7","86.48","222","671","641","-0.2","6.29","108","157","115","149","300","315","292"
"1305",607192,"Glasnow, Tyler","1339","97.5","0.167","0.131","0.243","0.298","0.236","0.254","0.182","51","305","91.6","13.1","2618","92.0","93.42","241","641","664","1.4","7.35","107","159","118","150","302","322","294"
"1277",425794,"Wainwright, Adam","1350","94.6","0.216","0.150","0.259","0.366","0.285","0.301","0.236","66","306","87.6","7.0","2503","82.8","82.84","116","529","748","0.0","6.53","114","156","117","148","299","318","300"
"1269",572070,"Richards, Garrett","1269","100.0","0.290","0.143","0.350","0.433","0.349","0.358","0.287","85","293","92.4","9.6","2755","90.4","89.38","141","604","665","-1.0","5.95","110","154","117","148","296","328","297"
"1265",650644,"Civale, Aaron","1459","86.7","0.228","0.182","0.253","0.409","0.294","0.325","0.262","69","303","87.8","13.9","2508","87.0","86.16","121","597","668","-0.8","5.75","114","154","119","150","295","323","297"
"1264",608566,"Márquez, Germán","1290","98.0","0.235","0.113","0.304","0.348","0.298","0.305","0.239","71","302","85.8","3.4","2294","90.5","89.30","179","603","661","-1.2","5.33","111","151","116","147","301","333","304"
"1262",605135,"Bassitt, Chris","1392","90.7","0.221","0.148","0.280","0.369","0.284","0.287","0.225","70","317","88.4","11.6","2203","89.1","89.05","153","617","645","-0.1","6.35","113","149","120","153","300","327","301"
"1220",641816,"Mahle, Tyler","1384","88.2","0.223","0.160","0.302","0.382","0.299","0.293","0.224","53","238","88.7","16.0","2491","91.4","91.44","151","544","676","0.0","6.60","112","154","117","148","298","319","293"
"1219",641745,"Keller, Brad","1301","93.7","0.307","0.181","0.358","0.487","0.368","0.388","0.305","85","277","91.0","7.7","2355","91.5","90.63","118","569","650","-0.9","5.86","107","157","116","145","296","322","304"
"1205",450203,"Morton, Charlie","1234","97.6","0.230","0.093","0.299","0.322","0.286","0.308","0.240","62","270","87.2","7.6","2550","88.9","88.68","159","549","656","-0.2","6.28","108","151","123","148","302","321","294"
"1200",543135,"Eovaldi, Nathan","1356","88.5","0.273","0.129","0.346","0.402","0.312","0.294","0.253","78","286","87.5","10.0","2170","91.2","91.56","147","627","573","0.4","6.60","111","155","118","148","288","322","299"
"1196",592662,"Ray, Robbie","1252","95.5","0.237","0.219","0.299","0.457","0.315","0.314","0.242","66","278","91.9","12.4","2240","92.1","92.00","213","621","575","-0.1","6.40","106","154","121","148","297","319","288"
"1178",458681,"Lynn, Lance","1238","95.2","0.193","0.126","0.249","0.320","0.251","0.258","0.191","52","269","89.7","18.8","2439","91.6","91.73","166","600","578","0.1","6.35","111","152","116","150","301","321","294"
"1172",621244,"Berríos, José","1326","88.4","0.225","0.151","0.286","0.377","0.287","0.322","0.249","64","284","87.0","10.9","2272","90.4","89.67","129","555","617","-0.7","6.40","109","157","118","149","301","330","297"
"1170",543037,"Cole, Gerrit","1379","84.8","0.216","0.145","0.301","0.361","0.263","0.270","0.213","55","255","91.4","14.3","2632","92.2","92.21","175","566","604","0.0","6.49","110","157","118","150","300","327","288"
"1155",593423,"Montas, Frankie","1388","83.2","0.283","0.203","0.319","0.486","0.348","0.346","0.268","81","286","90.5","14.7","2415","94.4","93.98","122","614","541","-0.4","6.01","111","149","120","153","300","325","301"
"1155",656302,"Cease, Dylan","1272","90.8","0.239","0.115","0.321","0.354","0.306","0.319","0.226","58","243","88.7","19.9","2740","90.1","88.94","188","553","602","-1.2","5.99","112","150","115","148","299","319","292"
"1152",605540,"Woodruff, Brandon","1311","87.9","0.152","0.097","0.192","0.249","0.206","0.256","0.204","42","277","86.5","6.0","2434","93.2","92.64","138","558","594","-0.6","6.46","109","155","117","149","301","323","296"
"1144",663903,"Singer, Brady","1191","96.1","0.261","0.121","0.335","0.383","0.316","0.296","0.229","69","264","87.2","7.0","2317","90.5","90.90","128","518","626","0.4","6.55","107","159","115","147","295","323","303"
"1143",501985,"Minor, Mike","1450","78.8","0.223","0.198","0.272","0.421","0.307","0.326","0.229","55","247","90.6","17.5","2591","87.3","85.76","130","532","611","-1.5","5.58","106","157","118","144","300","322","298"
"1134",621107,"Eflin, Zach","1272","89.2","0.278","0.190","0.345","0.468","0.322","0.292","0.251","82","295","88.9","12.5","2109","89.5","89.85","126","551","583","0.4","6.71","110","151","116","148","298","322","294"
"1132",571578,"Corbin, Patrick","1201","94.3","0.264","0.183","0.294","0.447","0.334","0.357","0.277","72","273","89.0","8.2","2166","86.6","86.96","127","530","602","0.4","6.80","106","152","116","149","307","322","292"
"1126",518876,"Kelly, Merrill","1344","83.8","0.255","0.175","0.305","0.431","0.317","0.322","0.262","70","274","89.2","12.7","2412","89.1","88.90","108","524","602","-0.2","6.32","112","154","117","150","303","330","303"
"1123",642547,"Peralta, Freddy","1237","90.8","0.137","0.132","0.195","0.269","0.231","0.247","0.157","32","234","86.9","23.6","2348","87.6","87.44","180","518","605","-0.2","7.13","110","155","120","149","299","321","296"
"1119",605397,"Musgrove, Joe","1222","91.6","0.176","0.137","0.231","0.313","0.247","0.287","0.219","46","262","87.6","11.8","2668","87.2","86.57","165","537","582","-0.6","5.88","116","156","134","144","297","320","309"
"1104",579328,"Kikuchi, Yusei","1205","91.6","0.212","0.177","0.235","0.388","0.293","0.332","0.253","55","260","91.3","6.8","2372","91.1","91.81","150","530","574","0.7","6.64","109","154","115","147","302","324","290"
"1099",628711,"Urías, Julio","1307","84.1","0.259","0.197","0.312","0.456","0.321","0.329","0.262","67","259","86.4","17.5","2656","89.3","88.18","137","563","536","-1.1","5.56","112","156","116","150","299","316","289"
"1095",622608,"Senzatela, Antonio","1201","91.2","0.300","0.161","0.338","0.461","0.349","0.337","0.286","84","280","90.2","5.6","2106","90.2","90.27","96","502","593","0.1","6.15","109","151","119","148","302","334","304"
"1093",663554,"Mize, Casey","1283","85.2","0.221","0.174","0.249","0.395","0.308","0.340","0.247","56","253","88.6","11.6","2229","90.7","91.23","126","500","593","0.5","6.80","107","154","117","148","298","328","303"
"1090",457918,"Happ, J.A.","1205","90.5","0.289","0.251","0.311","0.540","0.379","0.358","0.266","68","235","90.8","18.5","2304","88.6","88.27","104","529","561","-0.3","6.05","102","153","116","147","299","330","295"
"1089",502043,"Gibson, Kyle","1266","86.0","0.224","0.098","0.268","0.323","0.271","0.297","0.241","57","254","89.7","7.1","2315","89.0","89.45","124","473","616","0.4","6.65","114","157","120","149","295","326","295"
"1086",592314,"Foltynewicz, Mike","1244","87.3","0.282","0.244","0.291","0.526","0.361","0.351","0.273","75","266","90.3","14.5","2259","89.6","89.39","74","528","558","-0.2","6.13","112","155","120","148","298","327","296"
"1085",543475,"Lyles, Jordan","1178","92.1","0.305","0.244","0.330","0.549","0.384","0.363","0.282","81","266","90.6","15.7","2524","87.4","87.35","123","521","564","0.0","6.71","112","154","120","147","296","325","297"
"1077",592767,"Smyly, Drew","1077","100.0","0.251","0.230","0.263","0.481","0.339","0.350","0.260","60","239","89.1","15.0","2142","87.0","86.30","120","529","548","-0.7","5.79","108","151","122","148","302","317","293"
"1075",605400,"Nola, Aaron","1380","77.9","0.242","0.175","0.306","0.417","0.312","0.326","0.245","58","240","88.2","15.1","2253","87.4","88.13","138","499","576","0.7","6.83","110","151","114","148","298","324","294"
"1069",518774,"Harvey, Matt","1188","90.0","0.339","0.218","0.394","0.556","0.402","0.371","0.294","84","248","90.0","14.2","2219","90.4","89.39","107","493","576","-1.0","6.02","108","152","117","149","301","322","297"
"1065",573186,"Stroman, Marcus","1229","86.7","0.229","0.107","0.266","0.336","0.270","0.325","0.271","62","271","89.4","3.9","2484","89.9","89.23","135","536","529","-0.7","5.95","113","154","114","150","299","327","299"
"1063",543101,"DeSclafani, Anthony","1198","88.7","0.201","0.121","0.241","0.322","0.255","0.294","0.230","53","264","88.6","13.1","2169","90.4","89.67","129","505","558","-0.7","6.59","111","156","118","150","299","322","292"
"1062",656427,"Flaherty, Jack","1080","98.3","0.195","0.140","0.240","0.335","0.267","0.336","0.248","43","221","89.4","14.1","2312","88.4","88.62","137","480","582","0.2","6.75","114","158","118","149","296","318","296"
"1062",592836,"Walker, Taijuan","1223","86.8","0.202","0.089","0.269","0.291","0.247","0.297","0.229","50","247","88.7","13.9","2222","90.2","89.25","127","480","582","-0.9","6.01","112","153","113","149","297","327","300"
"1056",605288,"Houser, Adrian","1183","89.3","0.238","0.140","0.271","0.379","0.305","0.311","0.243","56","235","88.1","0.6","2064","90.5","90.68","91","485","571","0.2","6.47","107","152","115","148","300","321","295"
"1054",453562,"Arrieta, Jake","1128","93.4","0.284","0.229","0.309","0.513","0.366","0.377","0.288","67","236","91.2","9.2","2268","88.4","87.27","89","452","602","-1.1","5.88","112","155","114","150","293","322","297"
"1054",425844,"Greinke, Zack","1362","77.4","0.277","0.193","0.293","0.470","0.337","0.339","0.279","73","264","88.0","17.9","2297","83.6","82.94","91","473","581","-0.7","5.95","114","156","117","151","290","325","292"
"1044",448179,"Hill, Rich","1062","98.3","0.202","0.165","0.240","0.367","0.285","0.322","0.237","50","248","88.9","14.4","2543","81.0","80.44","121","475","569","-0.6","6.32","103","155","116","148","305","323","293"
"1035",640455,"Manaea, Sean","1401","73.9","0.236","0.148","0.291","0.384","0.291","0.314","0.247","56","237","89.5","16.4","2003","89.5","90.29","127","504","531","0.8","7.14","109","150","121","151","301","327","300"
"1034",677651,"Garcia, Luis","1148","90.1","0.205","0.162","0.264","0.367","0.281","0.296","0.218","47","229","88.6","18.8","2327","87.8","87.34","142","466","568","-0.5","6.17","114","156","118","151","296","326","293"
"1033",453286,"Scherzer, Max","1198","86.2","0.188","0.157","0.254","0.345","0.254","0.272","0.199","43","229","89.3","20.0","2480","90.0","89.81","190","520","513","-0.2","6.27","110","155","119","149","301","323","297"
"1026",607074,"Rodón, Carlos","1206","85.1","0.124","0.071","0.207","0.196","0.182","0.217","0.149","28","225","88.6","17.4","2339","92.4","92.05","187","532","494","-0.4","6.17","109","150","114","148","299","320","292"
"1022",669373,"Skubal, Tarik","1209","84.5","0.252","0.234","0.307","0.486","0.354","0.362","0.265","55","218","91.0","18.0","2195","90.3","89.93","135","503","519","-0.4","6.22","105","153","117","148","302","328","297"
"1013",645261,"Alcantara, Sandy","1387","73.0","0.252","0.170","0.292","0.422","0.316","0.291","0.229","58","230","88.2","8.6","2377","94.6","93.93","132","508","505","-0.7","5.96","110","151","114","148","298","314","287"
"1011",605452,"Ross, Joe","1088","92.9","0.223","0.176","0.258","0.399","0.305","0.328","0.245","53","238","85.5","11.3","2062","90.5","90.12","130","477","534","-0.4","6.57","110","155","120","147","307","323","297"
"997",518516,"Bumgarner, Madison","1035","96.3","0.250","0.223","0.299","0.473","0.335","0.317","0.234","56","224","89.4","22.7","2568","86.4","86.40","113","475","522","0.0","6.54","108","153","118","148","308","332","302"
"996",596295,"Gomber, Austin","1216","81.9","0.230","0.157","0.282","0.387","0.289","0.290","0.228","54","235","87.2","8.9","2184","86.3","85.96","105","448","548","-0.3","6.64","109","153","117","147","298","328","299"
"995",669203,"Burnes, Corbin","1086","91.6","0.213","0.088","0.358","0.301","0.249","0.216","0.172","51","239","86.8","8.3","2812","92.5","92.98","185","492","503","0.5","6.37","109","152","116","147","301","321","295"
"990",664141,"Brubaker, JT","1058","93.6","0.231","0.180","0.279","0.412","0.305","0.311","0.241","59","255","86.8","9.2","2438","89.4","88.68","133","480","510","-0.7","5.85","109","154","119","148","303","321","290"
"987",664299,"Javier, Cristian","1066","92.6","0.163","0.167","0.202","0.330","0.262","0.319","0.213","33","203","92.5","22.4","2428","88.5","87.75","144","461","526","-0.8","5.95","113","156","118","151","290","327","294"
"978",605483,"Snell, Blake","1169","83.7","0.220","0.211","0.319","0.431","0.329","0.349","0.236","46","209","88.1","11.3","2411","90.4","90.83","144","436","542","0.4","6.79","113","152","122","146","300","323","310"
"968",605347,"López, Jorge","1117","86.7","0.284","0.212","0.327","0.495","0.368","0.364","0.281","63","222","90.1","8.4","2082","91.3","91.38","86","416","552","0.1","6.37","109","153","118","150","305","324","295"
"968",592791,"Taillon, Jameson","1020","94.9","0.260","0.187","0.318","0.447","0.327","0.311","0.236","57","219","90.2","19.5","2522","89.7","90.29","137","504","464","0.6","6.72","112","156","117","149","298","328","288"
"948",570632,"Ureña, José","1099","86.3","0.283","0.161","0.315","0.444","0.352","0.366","0.290","63","223","90.9","9.2","2187","91.5","91.08","72","415","533","-0.4","6.31","108","153","116","148","303","328","299"
"941",640470,"Alzolay, Adbert","981","95.9","0.207","0.207","0.236","0.414","0.294","0.325","0.237","46","222","89.1","9.4","2459","89.8","89.86","125","445","496","0.1","6.28","114","158","118","151","294","318","294"
"935",608331,"Fried, Max","948","98.6","0.259","0.144","0.314","0.403","0.320","0.327","0.255","56","216","84.3","4.3","2334","87.1","87.24","112","459","476","0.1","6.29","106","151","122","149","306","316","288"
"929",622491,"Castillo, Luis","1357","68.5","0.295","0.153","0.350","0.448","0.360","0.336","0.265","54","183","85.6","8.8","2290","93.9","92.21","105","415","514","-1.7","5.50","111","151","115","148","293","318","291"
"924",547943,"Ryu, Hyun Jin","1283","72.0","0.221","0.174","0.262","0.394","0.276","0.298","0.242","47","213","90.2","9.1","2045","85.0","84.69","100","411","513","-0.3","6.44","106","153","118","149","299","315","286"
"921",592351,"Gray, Jon","1042","88.4","0.239","0.150","0.278","0.390","0.311","0.302","0.233","51","213","86.4","3.5","2266","89.9","90.28","99","396","525","0.4","6.31","112","153","117","148","300","332","303"
"919",593372,"Martínez, Carlos","1063","86.5","0.268","0.164","0.285","0.432","0.344","0.404","0.304","57","213","89.5","12.1","2086","89.5","88.15","71","428","491","-1.3","5.64","115","156","115","148","296","315","295"
"911",641154,"López, Pablo","1351","67.4","0.218","0.156","0.259","0.374","0.278","0.306","0.245","39","179","84.4","13.3","2171","91.4","92.12","93","427","484","0.7","6.74","110","152","117","149","295","317","288"
"910",641540,"Dunning, Dane","1054","86.3","0.301","0.137","0.392","0.438","0.347","0.328","0.265","68","226","90.2","6.1","2067","86.9","86.74","91","411","499","-0.2","6.48","114","155","120","148","298","327","297"
"906",608344,"Irvin, Cole","1182","76.6","0.279","0.160","0.319","0.439","0.324","0.349","0.288","68","244","90.8","18.5","1952","88.8","88.14","90","473","433","-0.7","6.20","109","150","119","149","304","330","301"
"905",571760,"Heaney, Andrew","1121","80.7","0.244","0.159","0.324","0.403","0.311","0.319","0.237","43","176","90.8","19.6","2514","88.9","88.15","138","431","474","-0.8","6.05","112","157","116","149","301","325","296"
"901",571927,"Matz, Steven","1182","76.2","0.271","0.140","0.362","0.411","0.325","0.290","0.237","56","207","87.1","7.2","2192","90.2","90.16","94","384","517","0.0","6.39","106","155","119","148","294","317","287"
"897",656756,"Montgomery, Jordan","1180","76.0","0.250","0.147","0.303","0.397","0.305","0.301","0.237","51","204","88.7","13.4","2268","87.8","88.09","100","412","485","0.3","6.53","106","154","117","148","301","327","287"
"894",669432,"Rogers, Trevor","1220","73.3","0.206","0.116","0.294","0.323","0.282","0.295","0.206","39","189","87.5","17.0","2327","92.1","92.22","130","406","488","0.1","6.61","105","149","114","148","301","316","285"
"892",543294,"Hendricks, Kyle","1191","74.9","0.262","0.240","0.272","0.502","0.347","0.362","0.283","58","221","89.5","8.3","2051","84.3","83.40","70","398","494","-0.9","5.82","113","156","113","150","295","322","295"
"891",656605,"Keller, Mitch","927","96.1","0.282","0.213","0.348","0.495","0.375","0.359","0.275","53","188","90.6","13.1","2409","89.9","89.62","91","409","482","-0.3","6.08","109","150","119","148","301","320","289"
"891",592346,"González, Chi Chi","1003","88.8","0.330","0.228","0.348","0.558","0.398","0.404","0.331","74","224","89.3","10.4","2465","89.3","88.74","63","435","455","-0.6","5.89","111","152","118","148","299","332","304"
"891",572971,"Keuchel, Dallas","1308","68.1","0.299","0.171","0.331","0.469","0.360","0.381","0.312","63","211","89.8","6.4","2079","85.7","85.23","72","383","508","-0.5","6.08","110","151","115","147","298","320","294"
"889",542881,"Anderson, Tyler","1177","75.5","0.251","0.172","0.299","0.424","0.314","0.325","0.251","51","203","85.7","13.3","2445","87.5","86.88","102","458","431","-0.6","5.93","107","151","118","148","300","319","285"
"883",666120,"Anderson, Ian","1302","67.8","0.261","0.161","0.311","0.422","0.322","0.334","0.265","47","180","87.8","5.8","1996","90.6","91.44","87","371","512","0.8","6.88","107","151","125","148","300","319","292"
"879",607231,"Gant, John","1120","78.5","0.254","0.102","0.297","0.356","0.334","0.385","0.297","45","177","89.0","8.8","2446","87.4","87.40","75","368","511","0.0","6.35","112","155","115","147","297","317","297"
"873",605164,"Bundy, Dylan","1050","83.1","0.266","0.266","0.293","0.533","0.361","0.330","0.249","53","199","87.9","17.1","2527","85.7","84.24","93","389","482","-1.5","5.90","114","157","116","149","306","326","300"
"870",593958,"Rodriguez, Eduardo","1161","74.9","0.310","0.230","0.431","0.540","0.376","0.299","0.240","58","187","89.2","15.7","2155","90.2","89.68","95","398","472","-0.5","6.03","109","154","118","148","298","330","289"
"868",623167,"Flexen, Chris","1063","81.7","0.312","0.151","0.347","0.463","0.345","0.345","0.285","64","205","91.9","10.2","2272","88.2","87.54","74","440","428","-0.7","6.00","110","154","114","148","294","321","299"
"866",594798,"deGrom, Jacob","960","90.2","0.121","0.098","0.211","0.219","0.166","0.171","0.123","26","215","86.6","16.9","2485","96.7","97.84","200","497","369","1.1","6.91","118","154","114","151","297","326","300"
"865",571510,"Boyd, Matthew","1119","77.3","0.251","0.126","0.298","0.377","0.308","0.305","0.225","50","199","87.9","17.3","2362","86.7","86.35","87","432","433","-0.3","6.22","104","153","117","146","300","328","299"
"864",621121,"McCullers Jr., Lance","1059","81.6","0.169","0.107","0.205","0.277","0.272","0.318","0.218","30","177","92.7","5.3","2512","88.8","88.01","100","345","519","-0.8","6.05","112","156","118","151","290","326","292"
"859",643290,"Dunn, Justin","870","98.7","0.197","0.131","0.233","0.328","0.293","0.339","0.228","36","183","89.4","20.1","2425","87.8","88.06","100","403","456","0.3","6.51","110","154","113","148","293","325","299"
"854",608337,"Giolito, Lucas","1366","62.5","0.226","0.245","0.236","0.471","0.332","0.339","0.248","35","155","91.6","20.4","2367","91.3","92.21","112","407","447","0.9","6.79","112","151","115","150","299","320","295"
"849",664353,"Urquidy, José","1044","81.3","0.243","0.213","0.269","0.455","0.307","0.303","0.242","49","202","87.6","23.3","2293","87.7","87.20","105","448","401","-0.5","5.99","114","156","119","151","292","326","293"
"848",642232,"Yarbrough, Ryan","1182","71.7","0.259","0.168","0.293","0.426","0.320","0.305","0.247","51","197","82.7","16.8","2150","80.3","80.14","81","385","463","-0.2","6.58","104","154","115","148","302","322","291"
"831",656954,"Sheffield, Justus","1085","76.6","0.281","0.207","0.318","0.488","0.363","0.376","0.278","57","203","90.7","9.4","2272","87.8","86.39","74","375","456","-1.4","5.88","107","153","115","147","297","321","295"
"824",593334,"Germán, Domingo","1076","76.6","0.251","0.206","0.286","0.457","0.320","0.321","0.248","50","199","90.4","15.1","2504","88.1","87.60","117","407","416","-0.5","6.05","110","155","118","147","299","328","291"
"818",527048,"Pérez, Martín","1072","76.3","0.255","0.128","0.311","0.383","0.320","0.361","0.274","50","196","88.8","10.4","2198","89.6","88.05","47","342","476","-1.5","5.75","106","152","116","146","292","326","294"
"815",543243,"Gray, Sonny","848","96.1","0.232","0.153","0.311","0.384","0.300","0.293","0.237","44","190","87.0","9.2","2601","87.6","87.55","96","343","472","-0.1","6.49","111","153","117","148","293","315","289"
"813",665152,"Kremer, Dean","881","92.3","0.267","0.246","0.286","0.513","0.355","0.355","0.268","50","187","92.9","21.1","2373","88.4","87.98","77","380","433","-0.4","6.26","109","152","118","150","303","325","296"
"810",656849,"Peterson, David","970","83.5","0.269","0.214","0.345","0.484","0.364","0.376","0.283","49","182","91.3","10.8","2125","89.4","90.64","99","372","438","1.2","7.11","112","152","111","149","299","325","296"
"807",489119,"Miley, Wade","1112","72.6","0.218","0.123","0.254","0.341","0.263","0.321","0.262","39","179","85.1","7.4","2275","85.7","85.34","67","362","445","-0.4","6.08","109","152","114","146","297","319","288"
"799",622072,"Wood, Alex","1056","75.7","0.225","0.192","0.284","0.418","0.318","0.326","0.238","41","182","89.1","7.9","2149","88.9","87.78","108","370","429","-1.1","6.23","110","153","114","148","301","322","288"
"797",592826,"Velasquez, Vince","958","83.2","0.185","0.212","0.219","0.397","0.308","0.336","0.222","28","151","90.8","20.8","2403","89.9","90.25","90","350","447","0.4","6.53","109","150","114","147","301","323","294"
"791",605200,"Davies, Zach","1187","66.6","0.261","0.127","0.276","0.388","0.341","0.407","0.313","43","165","89.6","7.9","2084","85.8","85.51","24","280","511","-0.3","6.13","112","155","114","149","296","323","294"
"785",663474,"McKenzie, Triston","810","96.9","0.174","0.174","0.222","0.347","0.317","0.338","0.196","25","144","93.1","24.4","2192","88.2","89.19","107","323","462","1.0","6.84","113","155","121","149","294","322","295"
"776",663978,"Paddack, Chris","1087","71.4","0.278","0.181","0.354","0.458","0.333","0.325","0.265","40","144","90.3","9.5","2215","92.7","93.10","88","329","447","0.4","6.74","116","155","132","146","297","322","308"
"773",592761,"Smith, Caleb","947","81.6","0.195","0.143","0.268","0.338","0.281","0.332","0.235","30","154","87.4","22.7","2493","88.1","86.89","89","342","431","-1.2","5.66","108","153","119","149","304","329","300"
"763",547942,"Kim, Kwang Hyun","854","89.3","0.240","0.135","0.291","0.374","0.300","0.318","0.250","41","171","88.5","9.8","2147","84.4","85.07","77","328","435","0.7","6.71","112","154","117","147","299","316","293"
"759",607644,"Means, John","1058","71.7","0.191","0.160","0.202","0.352","0.253","0.320","0.244","31","162","88.6","24.9","2407","89.4","88.69","89","358","401","-0.7","6.12","109","153","118","150","303","324","294"
"755",501381,"Pineda, Michael","882","85.6","0.232","0.216","0.260","0.449","0.310","0.350","0.270","43","185","89.3","14.8","1975","87.5","86.74","96","381","374","-0.8","6.27","107","158","113","149","302","330","295"
"752",669145,"Zimmermann, Bruce","1007","74.7","0.311","0.186","0.377","0.497","0.376","0.379","0.303","50","161","90.6","12.0","2411","88.5","87.66","86","321","431","-0.8","6.21","109","152","119","149","301","323","297"
"746",592332,"Gausman, Kevin","1294","57.7","0.192","0.122","0.215","0.314","0.240","0.323","0.257","33","172","89.6","16.5","2294","93.0","92.75","75","363","383","-0.3","6.48","113","157","116","150","298","323","293"
"746",456501,"Cueto, Johnny","970","76.9","0.315","0.220","0.357","0.536","0.377","0.376","0.307","53","168","86.0","13.1","2271","89.1","86.48","86","367","379","-2.6","5.72","107","154","113","149","297","320","293"
"739",656288,"Canning, Griffin","927","79.7","0.235","0.271","0.264","0.506","0.347","0.309","0.216","39","166","90.4","19.3","2427","90.1","88.82","110","355","382","-1.3","5.81","114","157","120","151","302","325","300"
"736",548389,"Stripling, Ross","860","85.6","0.287","0.224","0.333","0.511","0.362","0.360","0.263","50","174","89.9","14.4","2297","88.1","87.62","79","326","410","-0.5","5.98","108","156","124","147","298","315","286"
"728",446372,"Kluber, Corey","848","85.8","0.231","0.135","0.272","0.365","0.311","0.322","0.235","36","156","88.2","12.6","2382","87.0","86.63","88","334","394","-0.4","6.51","109","155","121","147","299","329","291"
"726",607200,"Fedde, Erick","839","86.5","0.222","0.139","0.275","0.361","0.288","0.333","0.256","35","158","87.2","7.0","1997","90.3","91.08","68","327","399","0.8","6.71","109","155","122","145","305","322","300"
"723",677960,"Weathers, Ryan","788","91.8","0.213","0.163","0.230","0.375","0.279","0.340","0.279","34","160","89.7","11.6","2102","91.3","90.43","63","329","394","-0.9","5.70","114","154","130","146","301","322","309"
"722",676596,"Fleming, Josh","928","77.8","0.244","0.142","0.264","0.386","0.299","0.324","0.269","43","176","86.0","3.0","1822","88.5","88.52","77","365","357","0.0","6.38","105","153","116","149","303","320","292"
"717",605513,"Turnbull, Spencer","775","92.5","0.204","0.090","0.260","0.293","0.256","0.269","0.200","34","167","87.6","7.0","2453","90.7","90.52","88","352","365","-0.2","6.32","107","152","116","148","300","328","300"
"697",592866,"Williams, Trevor","765","91.1","0.276","0.186","0.336","0.462","0.355","0.325","0.247","43","156","90.0","9.7","2207","87.9","88.89","85","325","372","1.0","6.82","112","154","117","148","300","325","296"
"687",668676,"Plesac, Zach","881","78.0","0.201","0.146","0.213","0.348","0.257","0.293","0.228","33","164","87.0","7.0","2040","89.6","89.66","82","333","354","0.1","6.23","113","154","120","149","297","324","294"
"683",642092,"Smith, Riley","822","83.1","0.322","0.193","0.352","0.515","0.377","0.351","0.295","55","171","89.5","9.4","2259","89.5","89.55","43","314","369","0.0","6.37","109","152","119","150","302","331","301"
"683",452657,"Lester, Jon","845","80.8","0.316","0.219","0.345","0.535","0.385","0.332","0.264","49","155","87.3","9.4","2245","86.5","86.93","63","325","358","0.4","6.48","107","152","114","148","305","321","293"
"682",656546,"Hoffman, Jeff","773","88.2","0.221","0.160","0.266","0.382","0.315","0.349","0.257","29","131","89.7","14.2","2456","88.4","88.27","78","286","396","-0.1","6.49","110","153","115","147","297","318","288"
"667",663556,"McClanahan, Shane","738","90.4","0.258","0.182","0.340","0.440","0.325","0.312","0.245","41","159","90.2","7.1","2358","92.5","92.91","125","343","324","0.4","6.76","104","154","116","148","301","318","291"
"661",660623,"Ynoa, Huascar","700","94.4","0.216","0.191","0.264","0.407","0.291","0.340","0.265","35","162","91.0","6.0","2312","91.0","90.76","93","313","348","-0.2","6.09","111","153","120","151","298","317","297"
"657",660271,"Ohtani, Shohei","824","79.7","0.235","0.174","0.259","0.409","0.356","0.378","0.261","27","115","88.5","10.5","2354","90.9","91.37","67","267","390","0.5","6.80","112","156","116","154","304","326","299"
"655",640444,"Crowe, Wil","778","84.2","0.285","0.226","0.316","0.511","0.370","0.348","0.260","39","137","88.3","13.5","2523","90.3","90.31","54","274","381","0.0","6.38","109","151","118","147","299","321","287"
"653",533167,"Shoemaker, Matt","984","66.4","0.323","0.263","0.300","0.586","0.420","0.418","0.301","43","133","88.4","16.3","2145","87.8","86.99","55","294","359","-0.8","6.07","105","155","114","149","301","333","298"
"646",474463,"Anderson, Brett","810","79.8","0.306","0.211","0.336","0.517","0.378","0.412","0.331","45","147","93.2","3.2","1926","86.2","78.71","31","244","402","-7.5","5.99","106","154","117","147","300","323","293"
"645",664192,"Lucchesi, Joey","646","99.8","0.245","0.173","0.313","0.417","0.310","0.296","0.222","34","139","88.2","14.6","2164","86.5","86.55","70","294","351","0.0","6.45","112","151","111","149","300","325","298"
"643",628317,"Maeda, Kenta","878","73.2","0.309","0.266","0.337","0.576","0.405","0.360","0.262","43","139","88.8","18.6","2422","85.5","84.48","89","322","321","-1.0","5.83","106","159","115","148","302","331","295"
"642",676840,"Peacock, Matt","705","91.1","0.275","0.225","0.286","0.500","0.348","0.329","0.260","44","160","89.8","1.7","2169","91.6","90.05","50","280","362","-1.6","5.34","109","152","116","149","303","329","299"
"638",677976,"Dobnak, Randy","677","94.2","0.316","0.236","0.322","0.552","0.386","0.406","0.330","55","174","92.8","1.9","2113","89.0","87.78","56","300","338","-1.2","5.58","107","156","117","148","300","328","295"
"631",594835,"Gonzales, Marco","777","81.2","0.264","0.243","0.288","0.507","0.357","0.451","0.338","38","144","91.8","18.5","2213","84.5","84.46","63","294","337","0.0","6.34","108","153","113","146","297","323","294"
"630",489334,"Stammen, Craig","633","99.5","0.220","0.151","0.264","0.371","0.274","0.304","0.242","35","159","88.6","9.8","2248","87.6","88.07","74","278","352","0.5","6.62","117","155","136","144","297","323","311"
"622",592644,"Plutko, Adam","622","100.0","0.255","0.241","0.268","0.496","0.352","0.358","0.264","35","137","90.9","20.7","2433","88.3","87.88","82","302","320","-0.4","6.11","110","152","118","150","303","322","296"
"616",641771,"Kuhl, Chad","651","94.6","0.240","0.184","0.258","0.424","0.347","0.354","0.258","30","125","87.8","12.1","2306","89.7","89.12","58","237","379","-0.6","6.56","108","150","116","148","296","318","287"
"613",594577,"Mayers, Mike","613","100.0","0.260","0.206","0.354","0.466","0.345","0.303","0.216","34","131","90.6","17.1","2342","90.7","88.98","90","291","322","-1.7","5.91","113","159","119","152","303","326","302"
"606",605130,"Barlow, Scott","606","100.0","0.212","0.091","0.333","0.303","0.271","0.282","0.211","28","132","88.6","9.7","2366","87.6","88.40","92","282","324","0.8","6.75","108","157","116","145","296","320","300"
"600",656529,"Hentges, Sam","604","99.3","0.336","0.187","0.430","0.522","0.397","0.379","0.278","45","134","90.0","12.5","2255","88.8","89.43","69","270","330","0.6","6.71","112","153","116","148","296","321","288"
"597",500779,"Quintana, José","709","84.2","0.276","0.198","0.380","0.474","0.368","0.354","0.244","32","116","90.1","15.6","2147","87.1","86.78","80","265","332","-0.3","6.50","112","154","117","152","307","325","300"
"594",675916,"Karinchak, James","594","100.0","0.125","0.134","0.196","0.259","0.239","0.270","0.159","14","112","90.5","25.5","2389","92.3","91.57","97","268","326","-0.7","5.91","114","154","119","149","292","321","296"
"591",663465,"Allard, Kolby","668","88.5","0.226","0.150","0.292","0.376","0.281","0.301","0.236","30","133","89.5","16.8","2228","87.9","87.50","69","301","290","-0.4","6.12","114","156","120","148","297","325","292"
"588",518553,"Cishek, Steve","590","99.7","0.221","0.035","0.294","0.257","0.274","0.279","0.197","25","113","81.5","8.4","2357","84.3","85.98","53","242","346","1.7","7.53","110","154","117","147","301","324","298"
"588",621368,"Hearn, Taylor","673","87.4","0.270","0.197","0.338","0.467","0.345","0.338","0.256","33","122","88.7","16.4","2224","92.9","89.96","71","278","310","-2.9","6.13","113","152","119","146","297","325","295"
"583",615698,"Quantrill, Cal","697","83.6","0.254","0.111","0.302","0.365","0.312","0.337","0.273","32","126","84.6","5.1","2169","92.3","92.94","63","285","298","0.6","6.60","112","153","119","148","293","320","292"
"582",518633,"Duffy, Danny","690","84.3","0.226","0.083","0.318","0.308","0.264","0.308","0.245","30","133","90.0","20.3","2344","89.3","89.98","86","292","290","0.7","6.72","107","160","116","144","298","320","295"
"575",641778,"Lauer, Eric","656","87.7","0.263","0.256","0.294","0.519","0.362","0.341","0.256","35","133","87.8","14.0","2321","89.6","79.75","72","278","297","-9.8","5.93","108","155","119","148","301","323","296"
"567",669302,"Gilbert, Logan","600","94.5","0.224","0.192","0.264","0.416","0.296","0.327","0.245","28","125","90.9","19.1","2176","88.9","90.66","71","285","282","1.8","7.58","113","157","115","149","292","316","295"
"563",621052,"Reyes, Alex","588","95.7","0.139","0.074","0.206","0.213","0.261","0.307","0.179","15","108","86.6","15.8","2560","91.5","89.76","80","231","332","-1.7","6.05","114","156","119","148","299","321","301"
"560",663423,"Thornton, Trent","610","91.8","0.263","0.263","0.299","0.525","0.360","0.366","0.271","31","118","91.8","13.5","2618","88.3","87.93","65","271","289","-0.4","6.06","107","154","119","149","294","314","285"
"558",657277,"Webb, Logan","782","71.4","0.221","0.080","0.307","0.301","0.277","0.286","0.218","25","113","83.9","5.5","2334","89.0","87.87","67","220","338","-1.1","6.77","109","154","114","148","300","321","291"
"554",656464,"Ginkel, Kevin","556","99.6","0.268","0.277","0.311","0.545","0.383","0.350","0.249","30","112","85.6","15.5","2342","90.3","87.10","63","253","301","-3.2","6.82","112","153","122","150","304","332","304"
"549",641941,"Pagán, Emilio","557","98.6","0.211","0.211","0.257","0.421","0.304","0.326","0.224","24","114","89.5","25.2","2445","91.6","92.17","89","285","264","0.6","6.65","114","155","141","145","298","323","313"
"538",642397,"Soto, Gregory","538","100.0","0.210","0.095","0.282","0.305","0.283","0.272","0.185","22","105","87.5","6.8","2398","93.8","94.10","72","235","303","0.3","6.75","108","151","117","148","297","328","302"
"538",608718,"Suter, Brent","606","88.8","0.259","0.170","0.323","0.430","0.321","0.293","0.234","35","135","82.4","7.9","2199","85.8","86.25","57","275","263","0.4","7.15","106","153","117","147","301","324","297"
"537",476595,"Luetge, Lucas","537","100.0","0.224","0.157","0.280","0.381","0.277","0.259","0.220","30","134","86.0","16.2","2677","85.2","84.61","80","280","257","-0.6","6.35","109","153","120","147","298","326","287"
"537",605242,"Fulmer, Michael","634","84.7","0.248","0.101","0.318","0.349","0.299","0.303","0.232","32","129","85.2","13.1","2297","93.0","93.39","78","252","285","0.4","6.64","108","153","119","149","299","329","300"
"536",643338,"Green, Chad","536","100.0","0.182","0.149","0.213","0.331","0.241","0.287","0.211","22","121","89.9","23.8","2542","91.5","91.93","90","264","271","0.4","6.66","108","156","116","149","298","327","288"
"536",518617,"Diekman, Jake","539","99.4","0.198","0.162","0.265","0.360","0.283","0.304","0.218","22","111","90.9","16.9","2372","91.5","86.78","82","245","291","-4.7","6.38","109","148","119","150","303","327","304"
"534",666200,"Luzardo, Jesús","662","80.7","0.297","0.266","0.341","0.563","0.386","0.331","0.239","38","128","89.3","12.9","2397","92.5","88.84","68","241","293","-3.7","5.71","110","149","120","151","300","323","296"
"533",596001,"Junis, Jakob","549","97.1","0.286","0.188","0.337","0.474","0.345","0.376","0.295","38","133","92.0","11.6","2344","87.3","86.47","65","250","283","-0.8","5.75","107","157","114","147","296","320","301"
"532",621076,"Kaprielian, James","634","83.9","0.186","0.195","0.218","0.381","0.295","0.307","0.205","22","118","91.2","22.2","2184","89.8","89.30","66","232","300","-0.5","5.93","113","150","119","150","301","328","305"
"530",670912,"Oviedo, Johan","583","90.9","0.215","0.099","0.264","0.314","0.290","0.317","0.246","26","121","85.8","4.3","2406","90.2","90.98","68","242","288","0.8","7.11","114","153","116","148","297","317","299"
"527",659275,"Lamet, Dinelson","536","98.3","0.248","0.107","0.337","0.355","0.295","0.300","0.233","30","121","87.2","15.4","2476","90.7","90.16","84","271","256","-0.5","5.93","113","155","129","144","297","326","316"
"525",640448,"Finnegan, Kyle","594","88.4","0.257","0.165","0.320","0.422","0.339","0.311","0.229","28","109","88.0","10.3","2110","93.7","94.50","66","246","279","0.8","6.67","108","152","117","147","305","319","296"
"523",453268,"Bard, Daniel","563","92.9","0.274","0.179","0.385","0.453","0.348","0.310","0.242","32","117","88.1","11.3","2816","92.8","92.50","79","265","257","-0.3","6.15","112","150","116","145","303","331","306"
"520",608717,"Stratton, Chris","597","87.1","0.233","0.133","0.261","0.367","0.289","0.324","0.259","28","120","87.5","13.0","2798","88.1","88.60","54","248","272","0.5","6.53","109","151","120","148","303","321","288"
"517",663986,"Stephan, Trevor","543","95.2","0.250","0.221","0.294","0.471","0.360","0.375","0.259","26","104","89.2","17.7","2453","91.1","91.62","74","245","272","0.5","6.55","109","152","121","148","294","322","293"
"516",605280,"Holmes, Clay","516","100.0","0.235","0.084","0.299","0.319","0.289","0.290","0.225","28","119","85.2","-7.8","2403","90.3","90.10","64","219","297","-0.2","6.13","107","150","118","148","298","319","286"
"515",502624,"Anderson, Chase","709","72.6","0.317","0.327","0.325","0.644","0.427","0.412","0.301","32","101","88.4","11.7","2163","88.4","87.32","51","217","298","-1.1","5.87","111","150","114","149","296","324","294"
"513",518813,"Holland, Greg","513","100.0","0.221","0.192","0.254","0.413","0.319","0.345","0.248","23","104","88.5","9.4","2193","87.4","87.21","64","233","280","-0.2","6.07","106","155","115","144","295","319","297"
"512",502171,"Cobb, Alex","845","60.6","0.252","0.097","0.351","0.350","0.304","0.326","0.287","26","103","88.4","0.9","2255","89.7","88.57","36","189","323","-1.1","5.76","115","157","115","149","304","326","300"
"512",669211,"Akin, Keegan","637","80.4","0.280","0.160","0.338","0.440","0.335","0.345","0.262","28","100","89.0","19.5","2342","89.0","87.95","56","257","255","-1.1","5.95","107","151","118","149","300","322","296"
"511",656945,"Scott, Tanner","511","100.0","0.186","0.062","0.293","0.247","0.275","0.313","0.211","18","97","89.1","7.2","2619","93.2","92.98","86","207","304","-0.2","6.17","106","151","118","149","302","323","297"
"508",606149,"Gallegos, Giovanny","545","93.2","0.139","0.074","0.195","0.213","0.186","0.244","0.188","17","122","87.1","21.7","2426","89.9","88.56","89","264","244","-1.3","5.75","113","156","119","147","299","318","299"
"507",543766,"Shaw, Bryan","543","93.4","0.139","0.129","0.175","0.267","0.270","0.287","0.177","14","101","87.5","9.4","2414","91.3","90.43","72","246","261","-0.9","5.75","110","153","119","150","293","322","295"
"506",502239,"Cahill, Trevor","665","76.1","0.270","0.113","0.326","0.383","0.319","0.339","0.264","31","115","87.6","7.5","2429","85.5","84.80","52","215","291","-0.7","6.12","109","150","118","146","299","320","287"
"503",608371,"Sims, Lucas","505","99.6","0.198","0.129","0.310","0.327","0.276","0.247","0.167","20","101","82.9","15.7","2869","88.4","87.24","79","217","286","-1.2","5.52","110","151","116","145","296","317","286"
"503",622250,"Sborz, Josh","503","100.0","0.222","0.167","0.299","0.389","0.298","0.299","0.225","24","108","89.1","13.9","2315","92.1","91.28","83","256","247","-0.8","5.87","111","153","122","146","297","328","295"
"500",493603,"Ottavino, Adam","503","99.4","0.188","0.069","0.284","0.257","0.267","0.281","0.203","19","101","82.1","6.4","2654","87.1","87.88","52","191","309","0.8","6.92","112","153","118","146","288","323","296"
"498",642152,"Trivino, Lou","536","92.9","0.193","0.083","0.238","0.275","0.258","0.320","0.237","21","109","87.6","10.0","2159","93.2","90.95","48","232","266","-2.3","6.65","111","149","118","150","302","326","300"
"498",656629,"Kopech, Michael","522","95.4","0.176","0.120","0.258","0.296","0.241","0.246","0.181","19","108","86.8","20.2","2520","92.1","92.12","76","231","267","0.0","6.53","113","151","117","149","297","319","294"
"498",664208,"Maton, Phil","498","100.0","0.264","0.226","0.407","0.491","0.355","0.308","0.218","28","106","90.7","11.6","2632","86.9","88.39","94","245","253","1.5","7.08","112","154","120","149","292","321","293"
"496",608379,"Wacha, Michael","664","74.7","0.311","0.185","0.323","0.496","0.361","0.418","0.328","37","119","90.8","14.5","2083","90.5","91.06","40","263","233","0.6","6.74","104","155","115","147","302","322","294"
"495",643511,"Rogers, Tyler","495","100.0","0.214","0.061","0.234","0.275","0.240","0.233","0.206","28","131","84.0","1.6","2023","78.1","74.01","33","251","244","-4.1","5.85","110","148","113","147","295","318","290"
"494",622065,"Young, Alex","618","79.9","0.288","0.250","0.324","0.538","0.375","0.362","0.275","30","104","88.6","9.7","2301","87.2","85.08","69","229","265","-2.1","5.78","110","152","119","150","301","329","302"
"494",663460,"Bubic, Kris","775","63.7","0.265","0.153","0.303","0.418","0.334","0.359","0.271","26","98","90.9","9.2","2142","88.2","87.29","40","199","295","-0.9","6.62","107","159","121","146","302","321","301"
"489",657612,"Hill, Tim","490","99.8","0.207","0.162","0.260","0.369","0.274","0.285","0.222","23","111","85.8","1.4","2176","90.4","90.05","65","230","259","-0.3","6.79","115","149","117","146","294","317","306"
"489",521230,"Hendriks, Liam","490","99.8","0.184","0.158","0.262","0.342","0.229","0.216","0.163","21","114","88.6","18.6","2358","94.5","95.30","105","283","206","0.8","6.76","116","150","116","149","296","317","293"
"489",542585,"Cisnero, José","524","93.3","0.215","0.131","0.299","0.346","0.284","0.336","0.247","23","107","85.4","16.1","2454","93.6","93.09","56","220","269","-0.5","6.03","108","153","116","148","299","327","300"
"488",458708,"Tomlin, Josh","497","98.2","0.304","0.200","0.337","0.504","0.357","0.342","0.278","38","125","88.5","18.3","2557","84.1","83.09","63","264","224","-1.0","5.72","108","150","123","149","302","321","293"
"488",607572,"Howard, Sam","488","100.0","0.165","0.165","0.208","0.330","0.288","0.302","0.187","15","91","88.2","13.6","2394","88.9","88.01","84","205","283","-0.9","5.75","110","152","121","148","301","321","289"
"488",664854,"Helsley, Ryan","505","96.6","0.250","0.115","0.308","0.365","0.305","0.335","0.260","26","104","90.8","8.0","2499","92.6","93.14","57","228","260","0.5","6.50","111","153","118","147","298","318","295"
"487",622088,"Antone, Tejay","487","100.0","0.118","0.069","0.167","0.186","0.198","0.264","0.178","12","102","87.2","11.1","2864","86.4","86.35","67","199","288","0.0","6.46","109","155","117","149","299","322","292"
"487",519293,"Smith, Will","487","100.0","0.202","0.147","0.284","0.349","0.276","0.258","0.193","22","109","86.9","21.7","2254","87.2","87.35","73","229","258","0.1","6.31","108","150","119","148","304","319","291"
"485",650633,"King, Michael","571","84.9","0.250","0.138","0.295","0.388","0.317","0.355","0.280","29","116","89.3","7.9","2329","91.4","90.97","39","218","267","-0.4","6.20","109","154","119","149","299","326","288"
"482",517008,"Colomé, Alex","482","100.0","0.279","0.183","0.316","0.462","0.353","0.366","0.266","29","104","91.6","9.1","2144","91.1","90.92","68","228","254","-0.2","6.19","106","155","118","149","301","331","296"
"479",661403,"Clase, Emmanuel","479","100.0","0.209","0.017","0.293","0.226","0.233","0.245","0.203","24","115","85.8","-1.5","2568","98.1","98.54","78","244","235","0.4","6.47","113","152","118","149","293","322","292"
"478",554431,"Matzek, Tyler","478","100.0","0.188","0.104","0.286","0.292","0.269","0.258","0.168","18","96","89.0","10.1","2661","92.1","91.96","70","227","251","-0.1","6.34","106","151","119","150","302","317","291"
"478",453343,"Melancon, Mark","478","100.0","0.202","0.073","0.244","0.275","0.242","0.280","0.233","22","109","85.1","-3.5","2399","88.1","87.60","47","215","263","-0.5","6.26","112","151","121","144","299","321","307"
"477",641755,"Kinley, Tyler","498","95.8","0.219","0.229","0.253","0.448","0.332","0.308","0.222","23","105","86.8","15.4","2506","92.7","90.98","65","227","250","-1.7","5.55","111","150","117","146","300","329","301"
"472",608723,"Voth, Austin","475","99.4","0.200","0.171","0.229","0.371","0.276","0.330","0.250","21","105","85.8","11.6","2495","89.7","89.21","57","231","241","-0.5","6.20","111","155","122","148","307","324","298"
"472",650893,"Cabrera, Génesis","558","84.6","0.235","0.102","0.367","0.337","0.311","0.313","0.216","23","98","89.2","13.7","2294","92.3","91.16","54","206","266","-1.1","6.03","112","152","117","147","295","315","296"
"470",596133,"Weaver, Luke","673","69.8","0.194","0.226","0.212","0.419","0.293","0.370","0.260","18","93","91.0","15.2","2496","92.5","91.76","50","225","245","-0.7","5.92","111","154","117","150","308","332","303"
"470",595928,"Curtiss, John","471","99.8","0.246","0.153","0.317","0.398","0.296","0.298","0.247","29","118","92.1","15.6","2442","91.4","90.84","70","237","233","-0.6","6.45","108","149","117","146","295","316","291"
"469",621219,"Mills, Alec","539","87.0","0.270","0.153","0.302","0.423","0.340","0.314","0.258","30","111","88.2","6.6","2250","84.4","83.71","32","201","268","-0.7","6.04","112","155","115","149","297","325","297"
"467",607481,"Bummer, Aaron","467","100.0","0.243","0.068","0.359","0.311","0.297","0.262","0.191","25","103","87.2","-11.3","2094","92.4","91.12","69","195","272","-1.3","6.06","110","148","113","147","297","319","293"
"466",543272,"Hand, Brad","466","100.0","0.200","0.124","0.243","0.324","0.268","0.326","0.253","21","105","85.3","11.3","2394","87.3","85.98","41","192","274","-1.3","5.60","107","153","114","149","309","325","297"
"465",622251,"Staumont, Josh","465","100.0","0.194","0.122","0.254","0.316","0.279","0.301","0.206","19","98","91.8","21.2","2420","92.0","92.47","51","197","268","0.5","6.67","107","158","117","146","297","321","301"
"463",608648,"Duffey, Tyler","463","100.0","0.230","0.090","0.280","0.320","0.293","0.326","0.257","23","100","92.6","11.1","2404","87.1","87.09","45","189","274","0.0","6.30","105","155","113","148","303","331","296"
"463",664199,"Clarke, Taylor","541","85.6","0.266","0.156","0.342","0.422","0.316","0.292","0.232","29","109","92.1","16.5","2203","92.5","92.32","60","239","223","-0.2","6.16","109","153","119","150","306","331","303"
"463",664948,"Misiewicz, Anthony","463","100.0","0.295","0.171","0.375","0.467","0.343","0.292","0.240","31","105","89.6","8.6","2574","88.1","87.53","66","236","227","-0.6","5.93","111","154","116","147","293","319","295"
"463",573204,"Thielbar, Caleb","465","99.6","0.265","0.163","0.390","0.429","0.317","0.311","0.243","26","98","89.5","21.9","2396","84.0","83.74","67","229","234","-0.3","6.23","105","153","116","147","303","330","294"
"462",448281,"Doolittle, Sean","462","100.0","0.297","0.257","0.373","0.554","0.382","0.341","0.251","30","101","91.3","26.1","2284","91.6","91.35","57","243","219","-0.3","6.10","113","152","116","147","293","317","291"
"461",573124,"Rogers, Taylor","461","100.0","0.248","0.124","0.357","0.372","0.270","0.256","0.226","28","113","87.0","2.9","2319","89.3","88.42","71","240","221","-0.9","5.62","105","156","113","149","301","329","296"
"460",518886,"Kimbrel, Craig","460","100.0","0.102","0.051","0.184","0.153","0.156","0.203","0.147","10","98","87.3","14.5","2409","92.5","92.92","88","210","250","0.4","6.56","115","157","116","150","296","322","302"
"459",621237,"Alvarado, José","459","100.0","0.167","0.083","0.245","0.250","0.293","0.295","0.163","14","84","85.3","2.9","2145","98.3","99.07","59","171","288","0.8","6.82","106","149","113","145","298","321","289"
"457",669330,"Wells, Tyler","522","87.5","0.216","0.206","0.267","0.423","0.299","0.329","0.247","21","97","90.8","21.3","2454","91.6","91.30","70","236","221","-0.3","6.24","111","154","122","150","302","323","296"
"456",621249,"Underwood Jr., Duane","638","71.5","0.283","0.142","0.322","0.425","0.341","0.364","0.290","30","106","91.3","9.4","2224","88.7","88.89","40","203","253","0.2","6.47","106","150","117","146","302","319","288"
"456",445276,"Jansen, Kenley","456","100.0","0.098","0.043","0.131","0.141","0.186","0.260","0.161","9","92","84.2","20.8","2624","91.6","92.24","67","212","244","0.6","7.26","113","157","114","150","298","316","289"
"455",642528,"Loáisiga, Jonathan","572","79.5","0.210","0.040","0.250","0.250","0.241","0.221","0.176","21","100","83.7","-1.2","2418","95.0","95.25","56","238","217","0.2","6.59","105","152","115","147","300","328","288"
"454",448855,"Guerra, Junior","570","79.6","0.240","0.130","0.250","0.370","0.326","0.327","0.243","24","100","87.2","14.9","2426","88.6","88.25","41","191","263","-0.3","6.43","113","156","117","149","303","324","297"
"454",571521,"Brothers, Rex","454","100.0","0.186","0.116","0.295","0.302","0.281","0.307","0.206","16","86","91.4","18.1","2149","92.0","91.35","70","206","248","-0.7","5.97","113","154","115","150","293","319","298"
"454",650556,"Abreu, Bryan","454","100.0","0.231","0.143","0.269","0.374","0.312","0.329","0.232","21","91","89.5","10.3","2440","91.5","91.18","64","207","247","-0.3","6.25","111","155","115","149","293","324","292"
"454",613534,"Adams, Austin","454","100.0","0.145","0.060","0.261","0.205","0.273","0.278","0.143","12","83","82.5","15.8","2856","87.8","87.15","63","185","269","-0.7","5.81","113","154","122","146","298","320","306"
"453",663432,"Rainey, Tanner","453","100.0","0.225","0.225","0.275","0.450","0.360","0.357","0.212","18","80","92.1","26.5","2369","92.8","92.58","78","211","242","-0.2","6.17","109","153","121","145","304","321","298"
"451",519326,"Strickland, Hunter","466","96.8","0.268","0.206","0.301","0.474","0.357","0.378","0.273","26","97","88.2","16.8","2530","90.7","89.58","49","225","226","-1.1","6.18","109","155","119","148","302","322","297"
"451",641394,"Brentz, Jake","520","86.7","0.161","0.097","0.210","0.258","0.254","0.340","0.228","15","93","89.1","8.3","2246","92.4","91.59","65","201","250","-0.8","6.38","106","156","115","144","295","322","301"
"449",643256,"Cimber, Adam","449","100.0","0.257","0.080","0.305","0.336","0.297","0.319","0.271","29","113","87.4","10.0","2259","84.0","82.96","37","216","233","-1.0","6.36","107","148","114","146","295","311","287"
"447",433589,"Petit, Yusmeiro","527","84.8","0.242","0.108","0.260","0.350","0.267","0.274","0.232","29","120","86.1","19.8","2111","84.5","85.70","48","230","216","1.2","7.11","109","150","122","152","304","328","302"
"445",676969,"de Geus, Brett","445","100.0","0.283","0.111","0.351","0.394","0.350","0.336","0.255","28","99","88.4","-0.2","2271","89.7","88.27","39","187","258","-1.4","5.73","111","153","121","146","296","326","295"
"445",548384,"Raley, Brooks","469","94.9","0.257","0.105","0.357","0.362","0.299","0.309","0.256","27","105","81.8","12.1","2653","86.1","85.27","69","221","224","-0.8","5.72","112","153","114","147","293","324","293"
"445",623352,"Hader, Josh","479","92.9","0.110","0.033","0.222","0.143","0.165","0.207","0.150","10","91","89.0","22.6","2171","92.4","86.40","103","241","204","-6.0","6.64","110","154","118","149","306","328","302"
"445",595465,"Winkler, Dan","445","100.0","0.174","0.081","0.233","0.256","0.276","0.294","0.202","15","86","84.7","13.7","2560","91.3","91.93","57","215","230","0.6","6.53","111","153","114","149","295","323","296"
"445",622092,"Zimmer, Kyle","454","98.0","0.169","0.067","0.226","0.236","0.226","0.261","0.174","15","89","88.7","7.3","2196","87.8","86.93","52","204","241","-0.9","6.18","108","157","116","145","298","320","302"
"442",650895,"Castillo, Diego","442","100.0","0.238","0.198","0.322","0.436","0.306","0.248","0.193","24","101","85.1","6.7","2157","89.2","87.32","80","229","213","-1.9","5.42","107","154","116","146","299","319","291"
"442",598264,"Barnes, Matt","442","100.0","0.158","0.109","0.283","0.267","0.209","0.203","0.150","16","101","89.2","16.0","2268","91.3","91.95","83","220","222","0.7","6.75","111","154","120","147","292","325","295"
"441",667463,"King, John","541","81.5","0.286","0.071","0.348","0.357","0.315","0.288","0.236","32","112","91.0","-5.8","2071","89.5","88.13","49","210","231","-1.4","5.98","113","154","119","147","296","326","295"
"441",621242,"Díaz, Edwin","441","100.0","0.220","0.050","0.355","0.270","0.251","0.260","0.203","22","100","85.9","12.3","2337","96.3","97.88","79","233","208","1.6","7.20","115","154","114","150","304","330","306"
"441",656685,"Martin, Brett","441","100.0","0.295","0.089","0.360","0.384","0.306","0.287","0.257","33","112","88.3","4.4","2183","89.5","89.10","56","236","205","-0.4","6.14","110","152","121","145","294","324","293"
"441",519151,"Pressly, Ryan","441","100.0","0.208","0.057","0.292","0.264","0.221","0.251","0.213","22","106","90.6","6.7","2749","90.9","90.02","65","227","214","-0.9","6.14","115","156","117","151","289","323","291"
"437",543521,"McHugh, Collin","438","99.8","0.245","0.092","0.397","0.337","0.278","0.250","0.208","24","98","86.5","15.2","2631","83.4","83.49","65","205","232","0.1","6.64","104","152","118","147","300","314","293"
"433",429722,"Santana, Ervin","450","96.2","0.202","0.183","0.214","0.385","0.272","0.328","0.237","22","109","89.3","15.5","2279","88.3","87.90","45","203","230","-0.4","5.97","108","158","118","146","299","322","301"
"431",657044,"Thompson, Ryan","437","98.6","0.183","0.147","0.233","0.330","0.252","0.290","0.211","20","109","85.1","8.2","2083","85.5","85.43","59","215","216","-0.1","6.85","105","149","114","145","304","319","290"
"430",606160,"Montero, Rafael","548","78.5","0.255","0.092","0.308","0.347","0.304","0.276","0.215","25","98","85.8","10.7","2233","93.0","91.29","52","211","219","-1.7","6.25","110","154","114","148","297","326","298"
"429",661269,"Gutierrez, Vladimir","458","93.7","0.224","0.122","0.267","0.347","0.294","0.301","0.222","22","98","88.5","18.0","2337","86.6","86.79","45","193","236","0.2","6.47","113","153","118","149","294","315","295"
"429",552640,"Kittredge, Andrew","431","99.5","0.168","0.106","0.207","0.274","0.223","0.280","0.219","19","113","88.4","2.4","2617","92.1","92.62","62","227","201","0.5","6.67","106","154","118","148","303","317","289"
"428",605177,"Chafin, Andrew","429","99.8","0.162","0.076","0.213","0.238","0.216","0.251","0.193","17","105","85.5","7.4","2202","89.7","90.02","56","211","217","0.3","6.72","110","156","115","151","295","321","298"
"427",446321,"Detwiler, Ross","453","94.3","0.207","0.087","0.295","0.293","0.268","0.276","0.197","19","92","84.4","13.0","2089","87.4","85.65","52","185","242","-1.7","5.49","104","148","116","147","297","316","289"
"427",664285,"Valdez, Framber","475","89.9","0.181","0.067","0.227","0.248","0.237","0.269","0.217","19","105","90.0","-6.0","2431","88.3","86.85","49","189","238","-1.4","5.87","110","154","118","150","291","327","295"
"424",647315,"Pop, Zach","424","100.0","0.245","0.138","0.303","0.383","0.312","0.328","0.245","23","94","86.3","3.2","2278","91.7","90.82","58","189","235","-0.9","6.27","107","147","115","146","294","316","290"
"424",459429,"McGee, Jake","424","100.0","0.191","0.155","0.229","0.345","0.250","0.269","0.201","21","110","88.1","22.7","2214","93.2","91.68","56","239","185","-1.5","6.10","112","154","116","149","298","322","291"
"424",650382,"Hernandez, Darwinzon","424","100.0","0.203","0.114","0.292","0.316","0.317","0.312","0.201","16","79","86.7","10.7","2365","91.7","90.10","57","168","256","-1.6","6.75","110","155","117","147","291","323","297"
"422",643316,"Fry, Paul","425","99.3","0.189","0.011","0.315","0.200","0.247","0.259","0.186","17","90","86.1","6.2","2550","90.0","89.75","54","182","240","-0.2","6.17","108","153","119","149","304","324","299"
"422",592426,"Jackson, Luke","422","100.0","0.194","0.097","0.246","0.290","0.253","0.310","0.240","18","93","89.0","4.7","2404","90.5","91.19","56","201","221","0.7","6.64","108","150","120","149","302","319","293"
"420",596112,"Stephenson, Robert","426","98.6","0.255","0.191","0.317","0.447","0.347","0.345","0.241","24","94","89.1","14.7","2783","88.8","88.30","56","184","236","-0.5","6.13","111","152","120","146","301","330","302"
"419",451584,"Davis, Wade","421","99.5","0.302","0.267","0.313","0.570","0.390","0.395","0.293","26","86","89.8","17.3","2513","89.2","88.62","49","198","221","-0.6","6.20","108","158","118","146","295","320","299"
"418",543022,"Chatwood, Tyler","434","96.3","0.200","0.071","0.271","0.271","0.292","0.318","0.219","17","85","88.7","4.9","2605","92.3","92.14","51","158","260","-0.2","6.13","107","154","118","148","297","314","284"
"417",606303,"Payamps, Joel","467","89.3","0.226","0.129","0.250","0.355","0.286","0.272","0.204","21","93","85.6","14.0","2405","90.3","89.69","48","195","222","-0.6","5.86","109","156","122","148","296","314","288"
"417",595014,"Treinen, Blake","417","100.0","0.226","0.104","0.300","0.330","0.277","0.246","0.197","24","106","83.6","6.6","2388","93.0","90.82","68","201","216","-2.2","5.60","112","156","113","149","300","318","291"
"417",614179,"Ruiz, José","439","95.0","0.210","0.160","0.261","0.370","0.277","0.312","0.244","21","100","92.7","16.3","2351","92.5","92.02","48","200","217","-0.5","6.03","113","149","120","149","295","318","294"
"416",570666,"Cessa, Luis","454","91.6","0.242","0.081","0.324","0.323","0.298","0.314","0.242","24","99","86.8","8.2","2418","86.1","85.45","52","182","234","-0.6","5.83","107","153","120","146","298","324","286"
"416",605447,"Romano, Jordan","416","100.0","0.161","0.046","0.255","0.207","0.227","0.237","0.165","14","87","89.1","8.5","2421","93.1","94.75","67","184","232","1.7","7.23","108","153","117","147","294","319","286"
"413",676477,"Whitlock, Garrett","561","73.6","0.265","0.112","0.343","0.378","0.307","0.299","0.245","26","98","89.0","6.3","2099","93.2","92.69","53","201","212","-0.5","7.25","110","153","119","147","291","324","296"
"413",544727,"Familia, Jeurys","427","96.7","0.250","0.091","0.344","0.341","0.321","0.297","0.219","22","88","86.5","-1.9","2261","94.6","93.79","49","196","217","-0.8","5.78","113","152","115","149","299","325","299"
"413",572193,"Tepera, Ryan","470","87.9","0.140","0.090","0.185","0.230","0.199","0.249","0.173","14","100","87.1","9.8","2308","90.0","90.26","78","212","201","0.3","6.42","112","154","114","149","296","319","294"
"411",624522,"Thompson, Keegan","425","96.7","0.213","0.146","0.276","0.360","0.300","0.339","0.244","19","89","89.7","8.1","2515","90.0","89.80","51","191","220","-0.2","6.20","109","155","114","149","293","321","297"
"410",593144,"Rodríguez, Richard","410","100.0","0.178","0.069","0.224","0.248","0.197","0.239","0.193","18","101","91.3","25.9","2573","91.6","92.23","48","213","197","0.6","6.84","111","154","120","149","302","322","291"
"407",663765,"Woodford, Jake","416","97.8","0.221","0.156","0.241","0.377","0.331","0.337","0.215","17","77","87.8","12.1","2254","87.5","87.60","42","175","232","0.1","6.37","113","152","119","146","297","315","293"
"401",542914,"Bass, Anthony","402","99.8","0.226","0.183","0.246","0.409","0.307","0.330","0.250","21","93","89.1","12.1","2110","90.3","89.45","49","174","227","-0.8","6.26","108","151","116","148","300","319","289"
"400",542888,"Armstrong, Shawn","400","100.0","0.318","0.261","0.371","0.580","0.408","0.362","0.268","28","88","89.5","18.2","2689","90.6","89.23","61","196","204","-1.4","6.57","111","152","120","149","302","324","298"
"398",641302,"Alexander, Tyler","468","85.0","0.266","0.211","0.291","0.477","0.326","0.324","0.251","29","109","88.1","16.2","2314","88.1","87.30","48","217","181","-0.8","6.28","108","154","119","148","294","323","302"
"397",656232,"Bielak, Brandon","436","91.1","0.260","0.146","0.293","0.406","0.316","0.316","0.252","25","96","88.0","12.9","2420","89.6","88.35","39","188","209","-1.3","5.52","113","153","118","150","292","327","295"
"396",468504,"Chacín, Jhoulys","414","95.7","0.292","0.260","0.329","0.552","0.386","0.317","0.236","28","96","85.2","6.1","2278","87.5","87.29","31","179","217","-0.2","5.93","107","150","119","143","300","329","301"
"393",650530,"Garcia, Bryan","478","82.2","0.223","0.106","0.264","0.330","0.302","0.378","0.276","21","94","91.0","13.9","2200","91.6","91.01","40","183","210","-0.6","5.97","105","151","119","148","302","328","299"
"387",657031,"Taylor, Josh","387","100.0","0.264","0.077","0.383","0.341","0.307","0.323","0.263","24","91","88.6","11.3","2288","90.4","90.71","66","186","201","0.3","6.75","107","149","115","144","287","319","298"
"386",656322,"Coonrod, Sam","412","93.7","0.243","0.165","0.278","0.408","0.299","0.294","0.234","25","103","87.0","6.9","2307","96.0","96.29","43","194","192","0.3","6.51","109","152","114","148","301","325","293"
"378",502179,"Espino, Paolo","386","97.9","0.182","0.172","0.189","0.354","0.237","0.323","0.255","18","99","89.4","15.9","2470","83.1","83.12","29","186","192","0.0","6.58","113","155","127","147","305","322","300"
"332",542947,"Bleier, Richard","334","99.4","0.237","0.165","0.260","0.402","0.269","0.282","0.245","23","97","86.3","-4.4","1983","87.4","86.68","39","194","138","-0.7","6.53","107","149","113","147","296","315","290"